idU,idF
1	946
1	579
1	823
1	924
1	171
1	348
2	969
2	448
2	847
2	722
3	209
3	572
3	49
3	174
3	25
3	149
3	887
4	954
4	96
4	286
4	847
5	888
5	487
5	551
5	100
5	281
6	364
6	179
6	984
6	239
6	206
6	826
6	554
7	129
7	26
7	904
7	91
7	511
7	260
8	219
8	680
8	565
8	619
8	271
8	781
9	5
9	186
9	19
10	746
10	221
10	170
10	175
10	26
10	883
10	736
11	900
11	447
11	925
12	92
12	27
12	25
13	567
13	917
13	211
13	718
13	577
13	699
14	557
14	249
14	698
14	415
14	309
14	24
14	759
14	180
15	959
15	65
15	221
15	378
15	728
15	826
15	217
15	597
15	568
15	545
16	181
16	876
16	520
16	524
16	711
16	554
17	498
17	466
17	566
17	136
17	265
17	297
17	627
17	617
17	900
17	442
18	29
18	101
18	898
18	619
18	701
18	176
18	887
18	470
19	152
19	128
19	746
20	857
20	502
20	181
20	810
20	399
20	556
20	22
21	170
21	371
21	387
21	960
21	580
21	826
21	363
21	403
22	143
22	774
22	754
22	876
22	87
23	773
23	686
23	764
23	111
23	880
23	232
23	173
23	496
23	13
24	36
24	522
24	538
24	90
24	938
24	124
24	117
24	578
25	106
25	959
25	540
25	259
26	991
26	122
26	137
26	30
26	73
26	792
27	459
27	723
27	995
27	109
28	938
28	52
28	941
28	280
28	105
28	933
29	388
29	565
29	806
30	318
30	438
30	796
30	352
31	12
31	70
31	525
31	692
31	315
31	140
32	384
32	802
32	666
32	690
32	219
32	518
32	328
32	581
33	932
33	648
33	839
33	978
33	981
34	976
34	837
34	860
34	52
34	546
35	52
35	903
35	937
35	998
35	114
35	257
35	955
36	651
36	600
36	872
36	210
36	256
36	861
36	500
36	940
36	747
37	904
37	382
37	195
37	482
37	621
37	236
38	670
38	421
38	663
38	69
38	298
39	184
39	573
39	155
39	892
39	527
39	633
39	868
39	570
40	261
40	5
40	30
40	510
40	731
40	957
40	522
40	211
40	607
40	268
41	665
41	305
41	829
41	796
41	295
41	716
41	963
41	742
41	556
42	267
42	937
42	746
43	266
43	768
43	813
44	923
44	864
44	172
44	269
44	902
44	839
45	739
45	186
45	994
45	354
45	350
45	616
45	570
45	92
45	647
46	481
46	748
46	953
46	169
46	245
46	79
46	57
46	252
47	25
47	192
47	20
47	325
47	971
47	910
47	788
47	682
48	582
48	28
48	967
48	246
48	124
48	278
48	18
48	247
49	512
49	222
49	806
49	492
49	248
49	885
49	658
49	983
49	230
49	196
50	503
50	525
50	42
50	795
50	53
51	2
51	517
51	730
51	359
52	419
52	257
52	516
52	931
52	706
52	24
53	119
53	146
53	911
54	399
54	935
54	31
54	462
55	229
55	488
55	128
55	348
55	817
55	753
55	978
55	748
55	509
56	924
56	736
56	987
56	330
56	645
56	87
56	733
57	430
57	207
57	854
57	595
57	952
57	227
57	885
57	808
58	846
58	277
58	251
58	849
58	680
58	428
58	11
59	920
59	249
59	154
59	386
59	261
59	413
59	22
59	121
59	434
59	456
60	490
60	403
60	41
60	956
60	226
61	833
61	593
61	260
61	456
61	36
61	432
61	744
62	5
62	608
62	277
62	567
62	548
62	285
63	487
63	547
63	394
63	574
63	455
63	274
63	812
63	943
63	136
64	184
64	729
64	394
64	370
64	376
64	467
64	591
64	669
64	936
64	326
65	417
65	999
65	832
65	322
65	786
65	886
66	554
66	75
66	417
66	47
66	157
67	928
67	678
67	886
68	359
68	647
68	654
68	404
68	318
68	637
69	680
69	839
69	908
69	268
69	728
69	472
69	118
69	964
69	834
69	740
70	413
70	228
70	919
70	991
70	846
70	5
70	338
70	758
71	548
71	333
71	89
71	370
72	328
72	327
72	828
72	200
72	837
72	737
72	563
72	152
72	736
72	993
73	243
73	509
73	127
73	782
73	440
73	119
73	31
73	882
73	316
74	546
74	810
74	259
74	280
75	312
75	704
75	730
75	376
76	16
76	792
76	90
76	769
76	179
77	102
77	237
77	235
77	338
77	987
77	619
77	438
77	385
77	198
78	575
78	861
78	274
78	4
78	257
78	140
78	38
79	781
79	582
79	362
79	151
79	928
80	58
80	537
80	864
80	250
81	632
81	177
81	198
81	3
82	537
82	479
82	490
82	828
82	850
82	428
82	30
82	731
82	323
83	370
83	962
83	251
83	958
83	12
83	41
83	32
83	596
84	779
84	372
84	798
84	919
84	878
84	960
85	463
85	57
85	849
85	350
85	491
85	688
85	606
85	588
86	885
86	881
86	522
87	491
87	12
87	545
88	20
88	243
88	439
88	167
88	141
88	241
88	514
88	296
88	916
89	366
89	791
89	260
89	575
90	422
90	256
90	153
90	176
90	380
90	735
91	472
91	397
91	476
91	134
91	771
91	265
92	595
92	145
92	465
92	711
92	268
92	660
92	887
92	835
93	441
93	330
93	553
93	493
93	286
94	298
94	260
94	325
94	369
94	614
94	216
94	788
94	226
95	553
95	544
95	567
95	666
95	98
95	387
95	513
96	77
96	991
96	659
96	567
96	416
97	447
97	536
97	731
97	681
97	457
97	17
97	562
97	810
97	495
98	549
98	494
98	666
98	695
98	973
98	149
98	125
98	504
99	916
99	255
99	880
99	672
99	245
99	601
99	462
100	303
100	891
100	13
100	556
100	529
100	524
100	590
100	220
101	213
101	500
101	134
101	658
101	818
101	79
102	203
102	227
102	92
102	632
103	363
103	22
103	715
103	386
104	213
104	407
104	472
104	258
105	262
105	690
105	586
105	586
105	662
105	380
105	309
105	701
106	832
106	23
106	443
107	501
107	445
107	639
107	611
108	675
108	413
108	62
108	304
108	430
109	431
109	685
109	700
110	445
110	291
110	392
110	980
110	473
110	726
110	284
110	567
111	624
111	732
111	363
111	199
111	7
112	650
112	996
112	988
112	454
112	998
112	401
113	440
113	435
113	597
113	433
113	727
113	694
113	492
113	207
113	121
114	494
114	147
114	74
114	816
115	578
115	629
115	993
115	517
116	904
116	961
116	564
116	720
116	973
116	41
116	737
116	415
116	246
116	280
117	586
117	912
117	548
117	258
117	409
117	577
118	995
118	650
118	841
118	616
118	536
118	506
118	280
118	925
118	741
118	191
119	852
119	692
119	600
119	74
119	163
119	622
120	129
120	342
120	731
120	759
120	999
121	619
121	827
121	229
122	11
122	384
122	622
122	736
122	794
122	122
122	272
122	251
123	693
123	960
123	346
123	431
123	292
123	580
124	494
124	254
124	42
124	395
124	793
124	444
124	575
124	364
125	641
125	599
125	491
125	166
125	995
126	366
126	826
126	917
127	179
127	836
127	1
127	475
127	585
127	788
128	243
128	735
128	243
128	663
128	943
128	174
128	27
128	72
128	251
128	314
129	28
129	401
129	711
129	116
129	688
129	137
129	256
130	203
130	710
130	558
130	955
130	806
130	637
130	511
130	255
130	480
131	659
131	714
131	643
131	143
131	590
131	344
131	582
131	85
131	4
132	200
132	630
132	559
132	928
132	411
132	875
132	828
133	113
133	608
133	218
133	819
133	927
133	147
133	661
134	283
134	991
134	9
134	755
134	117
135	402
135	85
135	67
135	170
135	557
136	756
136	548
136	204
137	80
137	950
137	164
138	676
138	934
138	804
138	337
139	122
139	303
139	482
139	656
140	430
140	99
140	380
140	342
140	724
140	886
140	51
140	76
141	392
141	126
141	389
141	620
141	368
141	206
141	282
141	199
142	379
142	443
142	162
142	811
142	996
142	413
142	124
142	989
143	866
143	649
143	571
143	604
143	183
143	725
143	726
144	970
144	834
144	779
144	249
144	699
144	661
145	414
145	818
145	456
145	617
145	965
145	705
146	362
146	733
146	883
146	882
146	156
147	62
147	232
147	96
147	75
147	664
147	984
147	538
147	342
148	632
148	60
148	501
148	61
148	400
148	923
148	337
148	718
149	692
149	521
149	56
150	728
150	80
150	654
150	315
150	605
150	566
150	765
150	547
150	871
150	694
151	185
151	29
151	16
151	801
151	962
152	960
152	825
152	812
152	634
152	156
152	306
152	493
153	543
153	582
153	857
154	547
154	600
154	916
154	921
154	702
154	68
154	276
154	543
154	56
154	678
155	806
155	215
155	608
155	594
156	79
156	342
156	64
156	901
156	992
156	41
156	712
157	276
157	350
157	940
157	218
157	706
157	973
157	532
157	482
157	202
158	497
158	281
158	30
158	609
158	667
158	199
159	781
159	148
159	635
159	869
159	403
159	647
159	365
159	952
159	61
160	721
160	209
160	279
160	929
160	9
161	280
161	618
161	132
161	451
162	990
162	171
162	290
163	963
163	414
163	637
164	780
164	758
164	772
164	92
164	442
165	634
165	358
165	637
165	648
166	125
166	947
166	100
166	835
166	406
166	555
166	369
167	68
167	400
167	304
167	426
168	783
168	495
168	77
168	518
168	734
168	837
169	751
169	454
169	308
169	458
169	432
170	795
170	172
170	982
170	232
170	367
171	703
171	918
171	42
171	629
172	114
172	221
172	506
172	778
172	95
172	706
172	814
172	407
172	319
172	698
173	381
173	776
173	720
173	908
173	359
174	77
174	716
174	272
174	306
174	965
174	913
174	271
174	212
174	220
175	85
175	20
175	242
175	755
175	559
175	823
175	702
176	629
176	802
176	702
176	964
176	145
177	547
177	619
177	305
177	137
177	35
177	829
177	373
177	390
178	526
178	480
178	688
178	747
178	559
179	493
179	723
179	554
179	270
180	891
180	998
180	706
180	535
180	105
180	145
180	44
180	303
181	275
181	363
181	48
181	730
181	227
181	993
181	914
181	68
181	946
182	760
182	351
182	699
182	603
182	209
182	249
182	534
182	303
182	804
183	582
183	553
183	139
183	125
183	391
184	560
184	206
184	724
184	74
184	809
184	758
185	86
185	347
185	896
185	687
185	956
185	614
185	191
186	107
186	846
186	75
187	980
187	481
187	321
187	432
188	462
188	871
188	139
188	287
188	144
189	56
189	131
189	552
190	795
190	593
190	773
190	855
190	364
191	154
191	841
191	771
191	557
191	566
191	413
191	406
191	596
191	279
192	682
192	470
192	877
192	342
192	429
192	816
192	550
192	406
193	116
193	978
193	250
194	591
194	994
194	37
194	931
194	475
195	352
195	810
195	631
195	736
195	983
195	972
195	571
195	87
196	352
196	145
196	437
196	149
196	37
196	523
197	614
197	174
197	637
197	125
197	175
197	925
198	717
198	662
198	140
198	251
198	12
198	972
199	543
199	370
199	11
199	811
199	497
200	491
200	841
200	34
200	895
200	860
200	292
200	905
200	102
200	581
201	442
201	402
201	29
201	870
201	199
201	763
201	336
202	329
202	845
202	409
202	914
202	640
202	850
202	189
202	381
203	395
203	902
203	721
203	347
203	796
203	401
203	785
203	200
203	795
203	762
204	880
204	373
204	866
204	898
204	786
204	278
204	910
205	631
205	624
205	953
205	633
205	295
205	826
205	134
205	759
205	575
205	135
206	348
206	361
206	71
206	641
206	412
206	749
206	769
206	579
206	461
206	485
207	524
207	973
207	513
207	629
207	59
207	617
207	942
208	253
208	970
208	374
208	581
209	493
209	914
209	790
209	483
209	611
210	856
210	860
210	523
210	251
211	493
211	314
211	453
211	86
212	876
212	327
212	923
212	469
213	177
213	437
213	528
213	41
213	973
213	978
213	981
213	424
214	160
214	819
214	94
214	10
215	784
215	454
215	881
215	293
215	555
215	962
215	382
215	337
215	253
215	875
216	530
216	434
216	761
217	752
217	329
217	806
217	302
217	936
217	227
217	248
218	844
218	901
218	586
218	309
218	843
218	554
218	618
218	117
218	35
218	436
219	102
219	167
219	65
220	962
220	55
220	367
220	990
221	409
221	26
221	101
221	116
221	937
221	645
222	551
222	310
222	17
223	241
223	633
223	245
223	663
223	746
223	357
223	943
223	380
224	754
224	804
224	732
224	766
224	329
224	99
224	468
225	85
225	654
225	123
225	925
225	636
225	483
225	816
226	251
226	155
226	206
226	976
227	394
227	897
227	586
227	585
227	492
228	997
228	843
228	63
229	834
229	598
229	905
229	904
229	627
229	734
229	433
229	934
230	576
230	60
230	867
230	19
230	700
230	919
231	986
231	184
231	951
231	892
231	693
231	161
231	49
231	640
232	169
232	978
232	860
232	847
232	371
232	200
232	22
232	331
232	537
232	964
233	261
233	966
233	900
233	397
233	710
233	502
234	495
234	918
234	109
234	293
234	41
234	472
234	289
234	425
234	81
234	328
235	741
235	387
235	778
235	483
235	355
235	352
235	808
235	277
236	7
236	716
236	215
236	452
237	397
237	469
237	139
237	744
237	370
237	684
237	578
237	429
237	379
238	892
238	1
238	405
238	739
238	822
238	650
238	43
238	692
238	684
239	488
239	254
239	559
239	483
239	470
239	699
239	976
240	45
240	362
240	37
240	721
240	46
240	80
241	678
241	500
241	676
241	15
241	957
241	366
241	934
241	307
241	418
241	7
242	449
242	601
242	199
242	540
242	384
242	761
242	633
242	9
242	429
242	258
243	762
243	37
243	693
243	51
243	24
243	482
243	94
243	378
244	489
244	435
244	615
244	346
244	462
244	211
244	589
244	412
244	81
244	93
245	397
245	737
245	782
246	107
246	155
246	499
247	21
247	59
247	928
247	39
247	981
247	29
247	512
248	77
248	727
248	514
249	183
249	612
249	689
249	999
249	31
249	298
249	163
249	726
249	894
249	767
250	469
250	393
250	820
250	385
250	691
250	947
250	460
250	459
251	596
251	34
251	612
251	363
251	634
251	620
251	340
251	763
252	435
252	94
252	887
252	985
252	279
253	782
253	316
253	356
253	252
253	946
253	213
254	346
254	999
254	712
254	765
254	618
255	427
255	217
255	890
255	937
255	96
256	556
256	159
256	192
256	26
256	103
256	806
256	402
256	522
256	50
256	642
257	935
257	806
257	304
257	805
258	143
258	157
258	952
258	702
258	175
258	552
258	869
258	57
258	252
259	57
259	705
259	999
259	915
260	906
260	678
260	897
260	353
260	29
261	13
261	228
261	467
262	108
262	822
262	118
262	420
263	342
263	665
263	100
263	212
263	489
263	71
263	500
264	245
264	274
264	241
265	293
265	365
265	230
265	594
265	126
265	916
265	710
265	155
265	161
266	456
266	329
266	683
266	960
266	691
266	579
266	852
266	310
266	269
267	210
267	373
267	677
268	388
268	405
268	604
269	743
269	948
269	202
269	5
269	844
269	51
269	667
270	933
270	280
270	584
270	485
270	963
270	902
270	903
270	563
270	170
271	121
271	185
271	857
271	721
272	493
272	948
272	957
272	265
272	498
272	435
272	111
272	780
273	587
273	735
273	265
273	75
273	740
273	753
273	37
274	141
274	243
274	188
274	114
274	641
274	57
274	324
274	2
274	809
274	966
275	452
275	783
275	353
275	508
275	705
275	334
275	186
276	939
276	881
276	264
276	211
276	443
276	941
276	206
277	417
277	761
277	905
277	868
277	227
277	811
277	67
277	244
277	886
278	173
278	136
278	661
278	647
278	279
278	748
278	544
278	175
278	354
278	589
279	416
279	230
279	716
279	343
279	801
280	214
280	69
280	705
280	645
280	41
281	542
281	10
281	275
281	737
281	445
281	372
281	952
281	917
281	630
282	511
282	775
282	171
282	295
282	646
282	129
282	165
283	26
283	318
283	445
283	489
283	79
284	231
284	818
284	258
284	287
284	557
284	632
284	373
285	488
285	115
285	419
285	857
285	196
285	741
285	622
286	20
286	708
286	413
286	257
286	887
287	244
287	798
287	246
287	821
288	510
288	472
288	91
288	283
289	417
289	195
289	178
289	846
289	948
289	486
289	364
289	189
290	172
290	549
290	81
290	585
290	647
290	902
290	102
290	344
290	670
291	128
291	85
291	372
291	99
292	637
292	453
292	508
292	621
292	974
293	84
293	548
293	955
293	526
293	568
293	591
293	481
293	296
293	439
294	482
294	21
294	216
295	993
295	5
295	258
295	135
295	723
295	405
295	298
295	261
295	898
296	149
296	20
296	670
296	730
296	191
297	735
297	704
297	15
297	564
297	941
297	9
297	729
297	524
297	882
298	474
298	747
298	734
298	136
298	337
299	225
299	379
299	125
299	881
299	382
299	38
299	964
299	839
299	261
300	731
300	261
300	491
300	587
300	683
300	682
300	609
300	115
301	239
301	974
301	185
301	112
301	803
301	944
301	843
302	466
302	356
302	831
302	904
302	767
302	782
303	497
303	402
303	718
303	90
303	633
303	268
304	362
304	417
304	936
304	622
305	79
305	971
305	480
305	124
305	359
306	777
306	606
306	848
306	249
306	831
306	982
306	936
306	69
306	430
306	78
307	244
307	675
307	830
307	627
307	778
307	914
307	205
307	902
308	771
308	801
308	307
308	494
308	262
308	321
309	142
309	207
309	699
309	290
309	200
309	288
309	616
310	312
310	178
310	143
310	546
310	981
310	154
310	627
311	448
311	424
311	562
311	808
311	753
311	656
311	375
312	508
312	40
312	872
312	854
312	507
312	346
312	659
312	816
312	15
313	391
313	990
313	62
313	507
314	119
314	445
314	804
314	970
314	647
314	142
315	929
315	795
315	483
315	123
315	620
315	465
315	923
316	795
316	476
316	193
317	246
317	246
317	679
317	104
317	789
318	233
318	951
318	102
318	768
318	536
318	295
318	455
318	460
318	275
318	255
319	227
319	598
319	956
319	136
319	707
319	425
319	182
320	794
320	414
320	372
320	605
320	452
320	525
320	476
320	132
321	539
321	674
321	977
321	242
321	313
322	490
322	804
322	190
322	569
322	971
322	880
323	665
323	597
323	745
323	818
323	710
324	647
324	419
324	653
324	330
324	251
324	433
324	999
325	234
325	266
325	265
325	420
325	281
325	830
325	55
325	819
325	332
326	230
326	298
326	860
326	260
327	930
327	624
327	19
327	467
327	385
327	426
327	709
328	82
328	22
328	147
328	942
328	106
328	372
328	77
328	506
328	875
329	519
329	713
329	604
329	316
330	818
330	715
330	528
331	613
331	178
331	449
331	503
332	134
332	448
332	49
332	898
332	147
332	768
332	805
332	286
333	870
333	973
333	749
333	773
333	665
333	340
333	653
333	715
333	495
334	73
334	794
334	491
334	72
334	536
334	591
334	695
335	42
335	196
335	309
335	520
336	290
336	626
336	998
337	253
337	442
337	916
337	144
337	534
337	191
337	942
338	417
338	267
338	993
338	5
338	225
338	192
338	908
338	936
338	245
338	917
339	875
339	282
339	424
340	942
340	707
340	50
340	254
340	815
340	265
340	744
340	235
340	521
341	758
341	730
341	32
341	858
341	947
341	3
341	502
341	311
341	132
342	135
342	626
342	506
342	374
342	44
342	295
342	811
342	219
343	722
343	440
343	935
343	146
343	749
343	429
343	687
344	888
344	251
344	639
344	560
344	680
344	449
344	212
345	796
345	856
345	255
345	807
345	948
346	859
346	672
346	319
346	932
346	695
347	74
347	624
347	573
347	451
347	339
347	200
348	869
348	512
348	463
348	111
348	540
348	400
348	45
349	642
349	353
349	760
349	634
349	291
349	641
349	453
350	408
350	131
350	50
350	685
350	292
350	189
350	69
350	584
350	584
351	671
351	527
351	899
351	495
351	432
351	615
351	615
351	990
351	943
352	126
352	374
352	222
352	117
352	510
352	587
352	650
352	462
353	339
353	571
353	897
353	271
353	42
353	534
354	49
354	724
354	531
354	699
354	556
355	88
355	64
355	916
355	661
355	150
355	631
355	22
355	304
356	415
356	937
356	397
356	287
356	365
357	355
357	363
357	386
357	708
357	430
357	724
358	190
358	405
358	657
358	622
358	648
359	99
359	694
359	879
359	492
359	688
359	262
359	255
359	502
359	214
360	701
360	222
360	188
360	661
360	249
360	203
360	756
360	763
360	553
361	475
361	179
361	884
361	279
361	753
361	746
361	944
361	865
362	953
362	958
362	56
362	994
362	841
362	907
362	93
362	259
362	879
363	834
363	370
363	489
363	837
363	991
363	828
363	910
363	136
363	664
364	796
364	455
364	380
364	743
364	633
364	145
364	52
364	741
364	75
365	793
365	771
365	159
365	205
366	142
366	67
366	505
367	573
367	644
367	584
367	475
367	223
367	955
367	441
367	713
367	36
368	534
368	260
368	29
368	227
368	446
369	226
369	12
369	740
369	673
369	623
370	783
370	57
370	135
370	967
370	470
370	335
370	383
370	96
370	602
371	205
371	233
371	243
371	153
371	718
371	955
371	321
371	509
371	580
372	203
372	369
372	274
372	90
372	362
372	583
372	604
373	939
373	391
373	414
373	438
373	364
373	602
374	701
374	165
374	581
374	853
374	335
374	740
374	180
375	842
375	206
375	938
375	58
376	306
376	80
376	74
376	96
376	311
377	329
377	217
377	519
377	478
377	263
378	521
378	693
378	15
378	293
378	840
378	535
378	5
379	203
379	217
379	911
379	729
379	205
379	722
379	606
380	955
380	980
380	36
380	28
380	772
380	152
380	987
380	81
380	919
381	353
381	920
381	633
381	190
381	218
381	486
381	885
381	475
381	959
382	134
382	822
382	867
382	135
382	203
383	949
383	158
383	201
383	792
383	703
383	383
383	536
384	992
384	280
384	91
384	275
384	553
384	492
384	697
384	802
384	901
384	863
385	617
385	379
385	407
385	799
386	91
386	646
386	627
386	700
386	169
387	961
387	65
387	831
388	290
388	297
388	462
388	159
389	141
389	531
389	982
389	221
389	525
389	958
389	866
389	549
390	967
390	601
390	123
391	807
391	113
391	613
391	669
392	642
392	691
392	599
392	856
392	743
393	680
393	241
393	2
393	40
393	369
394	909
394	966
394	906
394	528
394	856
394	88
395	933
395	92
395	208
395	652
395	832
395	249
396	589
396	849
396	719
396	936
396	565
396	233
396	708
397	530
397	798
397	262
397	753
397	602
397	998
397	218
397	925
398	71
398	114
398	576
398	846
398	366
398	339
399	77
399	112
399	416
399	187
399	610
399	387
399	112
400	409
400	382
400	122
400	483
401	13
401	177
401	152
401	970
402	221
402	604
402	264
402	114
402	528
402	770
402	594
402	377
402	490
403	136
403	783
403	330
403	972
403	752
404	27
404	285
404	446
404	899
404	887
404	308
404	98
405	507
405	541
405	894
405	433
405	303
405	831
405	18
405	367
405	280
406	135
406	120
406	140
406	761
406	400
406	532
406	660
406	156
406	473
407	207
407	564
407	351
407	995
407	901
407	284
407	991
407	25
407	802
407	528
408	485
408	274
408	225
408	666
408	293
408	170
408	474
408	877
409	89
409	238
409	806
409	745
409	389
409	384
410	182
410	21
410	462
410	431
410	766
410	403
411	534
411	918
411	511
411	936
411	240
411	541
411	690
411	508
411	271
411	674
412	814
412	924
412	2
412	749
412	190
412	258
412	454
412	180
412	823
413	615
413	449
413	429
413	705
413	213
413	828
413	450
414	523
414	609
414	567
414	249
414	15
414	987
414	937
414	347
414	794
415	279
415	130
415	886
415	899
415	525
415	828
415	378
415	984
416	152
416	620
416	186
417	2
417	623
417	774
417	792
417	103
417	910
417	436
417	910
417	363
417	672
418	56
418	969
418	876
418	377
418	793
418	537
418	337
418	725
418	230
419	120
419	812
419	237
419	1
419	135
419	781
419	602
419	549
420	680
420	908
420	717
420	985
421	698
421	188
421	533
421	983
421	156
421	285
421	610
421	732
422	365
422	470
422	216
422	797
423	6
423	731
423	680
423	333
423	889
423	996
423	336
423	115
423	213
424	907
424	220
424	963
424	265
425	188
425	767
425	785
425	715
425	888
425	420
425	227
425	30
425	130
426	411
426	741
426	474
426	697
427	531
427	479
427	558
428	761
428	700
428	105
428	772
428	803
428	10
428	433
429	301
429	401
429	708
429	419
429	98
429	155
430	350
430	82
430	780
430	918
430	628
430	676
430	197
430	629
430	683
430	646
431	522
431	408
431	591
431	80
431	261
431	256
431	523
431	682
431	653
432	167
432	271
432	892
433	449
433	789
433	357
433	471
433	4
433	415
433	896
433	863
433	216
434	631
434	361
434	873
434	633
434	762
435	977
435	569
435	645
435	15
435	947
435	466
435	135
435	621
435	984
436	160
436	79
436	493
436	603
436	241
436	262
436	93
436	537
436	636
437	15
437	81
437	605
438	940
438	846
438	371
438	134
438	969
439	725
439	865
439	926
439	886
439	313
439	594
439	542
439	607
439	552
440	732
440	812
440	179
441	818
441	85
441	994
441	275
441	176
441	279
442	842
442	446
442	919
442	620
442	297
442	626
442	679
442	37
442	495
442	291
443	607
443	456
443	290
443	173
443	843
443	183
444	728
444	382
444	761
444	566
444	877
444	589
444	998
444	432
444	879
444	266
445	795
445	562
445	167
445	478
445	670
445	223
445	611
445	932
445	664
445	435
446	227
446	618
446	108
446	34
446	563
447	524
447	960
447	733
447	62
447	276
447	467
447	792
447	239
448	270
448	671
448	973
449	774
449	840
449	156
449	723
449	909
449	748
449	995
449	689
449	483
450	699
450	313
450	953
451	325
451	814
451	746
451	348
451	678
451	691
451	712
451	983
451	621
452	355
452	576
452	841
452	510
452	996
452	952
453	615
453	867
453	632
453	330
453	440
454	229
454	891
454	117
454	468
454	815
454	393
454	637
454	120
454	466
454	553
455	624
455	370
455	598
455	599
455	990
456	511
456	17
456	361
456	691
457	32
457	580
457	642
457	898
457	922
457	424
458	600
458	744
458	729
458	777
458	935
458	908
458	338
458	138
459	420
459	222
459	79
459	431
459	731
459	252
460	938
460	80
460	484
461	716
461	628
461	53
461	335
461	468
461	431
461	983
461	852
461	525
462	646
462	137
462	297
462	962
463	127
463	835
463	114
463	575
464	380
464	546
464	734
464	868
464	637
464	580
464	875
464	60
464	414
464	549
465	929
465	864
465	664
465	259
465	206
465	932
466	824
466	72
466	12
466	3
466	599
466	293
466	919
466	677
466	872
466	83
467	734
467	66
467	654
467	46
467	582
467	301
467	857
467	269
467	331
467	475
468	907
468	376
468	305
468	539
469	453
469	380
469	821
469	84
470	19
470	930
470	821
470	88
470	179
471	400
471	950
471	980
471	76
471	622
471	573
471	443
471	477
471	462
471	943
472	708
472	504
472	114
472	141
472	524
472	319
472	144
473	655
473	604
473	176
473	320
474	669
474	203
474	647
474	703
474	299
475	482
475	63
475	720
475	317
475	895
475	71
475	163
475	998
476	736
476	196
476	155
476	138
476	689
476	966
476	69
476	319
477	642
477	186
477	436
477	268
477	235
478	66
478	299
478	590
479	304
479	296
479	684
480	900
480	147
480	169
480	51
480	302
480	695
480	710
480	604
480	40
480	565
481	405
481	465
481	729
482	665
482	579
482	739
482	100
483	565
483	922
483	369
483	320
483	930
483	215
483	648
483	56
483	373
483	869
484	663
484	70
484	44
484	438
484	178
484	824
484	297
484	27
485	278
485	308
485	383
485	449
485	518
486	93
486	564
486	329
487	818
487	101
487	58
488	153
488	175
488	569
488	178
488	514
489	792
489	460
489	20
490	574
490	719
490	418
491	889
491	43
491	288
491	491
491	376
491	840
491	601
491	49
492	22
492	381
492	320
492	172
492	885
492	160
493	234
493	814
493	679
493	71
493	393
494	934
494	681
494	422
494	940
495	108
495	534
495	866
495	967
495	214
495	461
495	135
495	176
496	518
496	649
496	478
496	513
497	432
497	47
497	78
497	790
497	741
497	243
497	593
497	505
497	644
497	956
498	306
498	576
498	374
498	228
498	521
498	795
498	995
498	924
499	701
499	649
499	610
500	812
500	329
500	72
500	765
500	190
501	299
501	632
501	915
501	285
501	70
501	980
501	632
501	647
501	584
502	838
502	799
502	508
503	861
503	284
503	523
503	222
503	164
503	788
503	938
503	176
504	764
504	449
504	595
504	826
504	751
504	433
505	458
505	659
505	121
506	974
506	589
506	771
507	685
507	532
507	225
507	910
507	753
507	889
507	292
507	122
507	115
507	263
508	55
508	486
508	330
508	5
508	780
508	465
509	722
509	250
509	881
509	427
509	629
510	152
510	587
510	565
510	1000
511	555
511	9
511	454
511	859
511	975
511	420
511	872
511	453
511	427
512	691
512	495
512	686
512	533
512	4
512	592
512	604
512	570
513	258
513	756
513	877
513	736
513	299
513	642
513	422
513	702
514	153
514	788
514	318
514	232
515	491
515	998
515	685
515	520
516	980
516	813
516	753
516	76
516	872
516	810
516	806
516	689
516	91
516	87
517	936
517	50
517	995
517	144
517	638
517	170
517	475
517	219
517	401
517	199
518	897
518	190
518	638
518	4
519	936
519	795
519	310
519	355
519	693
519	164
519	498
519	353
520	790
520	552
520	611
520	476
520	806
521	132
521	217
521	129
521	858
521	577
521	654
521	572
521	594
521	74
521	636
522	667
522	40
522	209
523	283
523	266
523	356
523	844
523	472
524	910
524	264
524	54
524	275
524	883
524	691
524	594
524	14
524	412
524	815
525	105
525	203
525	707
525	910
525	325
525	90
525	3
526	293
526	438
526	29
526	474
526	723
527	868
527	355
527	761
527	83
527	473
527	983
528	834
528	601
528	681
528	794
528	271
529	832
529	515
529	696
529	728
529	338
529	311
529	385
529	487
529	364
529	435
530	725
530	738
530	813
530	574
530	581
530	930
530	971
530	832
531	111
531	926
531	660
531	758
531	2
531	276
531	289
531	684
532	429
532	468
532	271
532	547
533	678
533	38
533	183
533	355
533	40
533	813
534	610
534	794
534	945
534	805
535	356
535	872
535	642
535	623
535	366
536	590
536	298
536	955
536	428
536	656
537	524
537	861
537	262
537	311
537	744
537	147
538	869
538	10
538	941
538	775
538	286
538	261
539	391
539	351
539	624
539	459
540	285
540	800
540	422
540	96
540	414
540	308
540	51
540	763
540	488
541	179
541	985
541	276
541	443
541	388
541	405
541	950
541	480
541	778
541	714
542	476
542	396
542	514
542	503
543	359
543	837
543	542
544	448
544	719
544	520
544	705
544	617
544	32
545	741
545	9
545	177
545	534
545	108
545	398
546	675
546	325
546	624
546	44
546	103
546	456
547	205
547	597
547	89
547	817
547	524
547	392
547	397
547	344
547	963
547	771
548	845
548	769
548	105
548	804
548	49
548	258
548	883
548	410
549	608
549	419
549	678
549	117
549	431
550	509
550	941
550	155
550	548
550	514
550	355
550	785
550	414
550	177
551	513
551	165
551	989
551	645
551	365
551	831
551	674
552	378
552	356
552	100
552	207
552	771
552	715
552	799
553	864
553	193
553	16
554	265
554	968
554	165
554	908
554	421
554	253
554	291
554	667
554	821
555	676
555	48
555	56
555	160
555	524
555	121
555	639
555	915
556	686
556	838
556	683
556	70
556	151
556	751
556	792
556	671
556	161
556	82
557	355
557	255
557	888
557	21
558	768
558	42
558	47
558	923
558	946
558	566
558	101
559	104
559	465
559	170
559	956
559	453
559	254
559	822
559	51
560	338
560	699
560	196
560	505
560	748
560	755
561	257
561	92
561	413
561	940
561	11
561	394
562	150
562	843
562	806
562	441
562	164
563	489
563	81
563	205
563	269
563	717
563	484
563	294
563	135
564	617
564	973
564	311
564	587
564	363
564	952
564	620
564	527
564	417
564	47
565	260
565	962
565	597
566	895
566	481
566	722
566	805
566	387
566	467
566	477
566	372
566	89
567	786
567	766
567	55
567	474
568	859
568	895
568	299
568	396
568	509
568	663
568	384
568	9
568	499
569	480
569	150
569	537
569	7
570	857
570	285
570	288
570	183
570	135
570	144
570	94
570	614
570	54
570	295
571	138
571	993
571	217
571	532
571	423
571	830
572	419
572	871
572	54
572	96
573	476
573	856
573	3
573	917
573	124
573	469
573	682
573	898
574	96
574	201
574	627
575	559
575	778
575	910
575	474
575	209
575	366
575	989
575	916
575	550
575	593
576	740
576	817
576	725
577	515
577	958
577	999
577	724
577	207
578	265
578	59
578	949
578	843
578	959
578	811
579	884
579	751
579	636
579	302
580	507
580	687
580	300
580	994
580	675
580	913
580	950
580	195
581	603
581	837
581	313
581	556
581	621
581	628
581	127
581	378
581	370
582	886
582	889
582	442
582	498
582	867
583	499
583	684
583	197
583	340
583	484
583	367
583	403
583	36
583	501
584	857
584	970
584	462
584	965
584	379
584	66
584	515
584	714
584	483
585	434
585	645
585	486
586	601
586	735
586	170
586	326
586	949
586	450
586	589
587	156
587	520
587	922
587	570
587	656
587	601
587	283
587	364
588	791
588	204
588	284
588	552
588	621
588	179
588	248
588	965
588	508
588	94
589	1000
589	566
589	312
589	983
589	400
589	332
589	85
589	800
589	334
589	506
590	638
590	596
590	788
591	306
591	483
591	935
591	836
591	894
591	761
591	328
592	533
592	503
592	119
592	299
592	112
593	387
593	34
593	667
593	314
593	415
593	233
593	584
593	465
593	956
593	985
594	596
594	937
594	767
594	558
594	499
594	356
594	537
594	117
594	337
595	670
595	316
595	567
595	146
596	128
596	234
596	168
596	850
596	662
596	443
597	990
597	715
597	264
597	222
597	914
597	242
597	410
598	86
598	365
598	814
599	370
599	133
599	645
599	10
599	364
599	179
599	91
599	638
599	147
600	258
600	58
600	885
600	65
600	846
601	442
601	114
601	924
601	937
601	772
601	695
601	469
602	732
602	933
602	281
602	551
602	708
602	228
602	30
603	200
603	924
603	647
603	647
603	378
603	630
603	868
604	504
604	359
604	838
604	799
604	15
604	267
604	4
605	548
605	467
605	986
605	516
605	783
605	563
605	661
606	638
606	694
606	937
607	212
607	197
607	368
607	905
607	434
607	899
607	294
607	229
608	941
608	469
608	348
608	264
609	128
609	262
609	794
609	891
609	755
609	470
609	348
609	16
609	335
610	15
610	352
610	353
610	537
610	127
611	638
611	458
611	549
611	928
611	585
611	477
612	290
612	504
612	318
612	556
612	474
612	622
612	960
612	360
612	220
613	431
613	190
613	51
613	271
613	39
613	20
614	666
614	407
614	178
614	449
614	348
615	96
615	492
615	524
615	936
615	467
615	252
615	235
615	541
615	922
615	696
616	555
616	50
616	618
616	176
616	799
616	520
616	600
616	107
616	863
617	461
617	930
617	903
617	401
617	58
617	845
617	640
618	551
618	453
618	836
618	58
619	53
619	506
619	83
619	690
619	216
619	646
619	186
619	902
619	56
619	44
620	990
620	680
620	821
620	862
620	850
620	370
620	91
620	339
620	340
620	923
621	157
621	839
621	484
621	385
621	150
621	258
621	748
622	334
622	125
622	29
622	588
622	760
622	452
622	843
622	875
622	311
623	76
623	776
623	550
623	870
623	841
624	189
624	920
624	396
624	860
624	173
625	950
625	252
625	840
626	802
626	382
626	871
626	123
626	966
626	918
626	578
626	150
626	296
626	995
627	515
627	589
627	543
627	257
627	307
627	682
627	908
627	949
628	630
628	225
628	330
628	675
628	914
628	779
628	29
628	709
628	631
628	533
629	893
629	397
629	447
630	729
630	986
630	374
630	99
630	717
630	966
630	311
630	398
630	522
631	335
631	101
631	284
631	500
631	722
631	427
631	449
631	689
631	203
631	191
632	823
632	397
632	809
632	636
632	54
632	898
632	480
632	554
633	835
633	208
633	775
633	412
633	278
633	817
633	713
633	915
633	388
634	80
634	441
634	829
634	884
634	818
634	204
634	293
635	307
635	488
635	298
635	282
635	716
635	914
635	719
636	521
636	141
636	100
636	453
636	3
636	315
636	932
636	519
637	704
637	190
637	651
637	344
638	80
638	377
638	844
638	337
638	512
638	610
638	808
638	973
638	930
639	281
639	920
639	697
639	274
640	264
640	953
640	634
640	169
640	195
640	551
641	911
641	675
641	909
641	55
641	613
641	293
642	383
642	735
642	896
642	595
642	410
642	149
642	20
642	155
643	91
643	44
643	436
643	92
643	696
643	868
643	280
643	681
643	369
643	87
644	688
644	437
644	256
644	136
644	825
644	610
644	611
644	467
644	220
644	167
645	750
645	568
645	978
646	981
646	166
646	771
646	503
646	642
646	97
646	408
647	182
647	432
647	967
647	575
648	9
648	401
648	782
648	113
649	802
649	512
649	289
649	900
649	565
649	505
649	839
649	999
649	896
650	532
650	213
650	726
650	988
650	149
650	356
650	96
650	628
650	851
650	784
651	295
651	993
651	174
651	618
651	473
651	874
651	162
651	551
651	64
652	277
652	632
652	546
652	223
652	667
652	903
652	63
652	806
653	69
653	431
653	435
653	78
653	967
653	566
653	44
653	990
653	615
654	834
654	290
654	171
654	620
654	246
654	4
654	354
654	818
654	233
655	481
655	194
655	68
655	396
655	333
655	628
655	896
655	781
655	964
656	231
656	703
656	822
656	823
656	618
656	868
656	693
656	148
656	151
657	749
657	492
657	563
657	131
657	723
657	895
657	752
657	258
657	55
658	524
658	970
658	688
658	840
658	62
658	73
658	247
658	208
659	912
659	346
659	601
659	684
659	232
659	530
659	536
660	88
660	378
660	450
660	740
660	613
660	183
661	354
661	78
661	988
662	519
662	655
662	493
662	305
662	186
662	826
662	407
662	260
662	551
663	748
663	744
663	97
663	875
663	232
663	299
663	903
663	157
663	670
663	458
664	379
664	77
664	673
664	280
664	279
664	127
665	696
665	750
665	508
665	127
665	177
665	979
665	823
666	582
666	826
666	255
666	11
666	468
666	326
666	119
667	187
667	548
667	954
667	308
667	903
667	801
668	181
668	893
668	268
668	585
669	327
669	182
669	233
669	746
669	380
669	44
669	604
670	989
670	797
670	625
671	265
671	859
671	728
671	2
671	396
671	24
671	867
672	451
672	31
672	926
672	778
672	329
672	906
672	657
673	173
673	93
673	421
674	986
674	745
674	634
675	777
675	809
675	516
675	451
676	262
676	922
676	903
676	343
676	815
676	777
676	901
677	467
677	971
677	510
677	819
677	778
677	470
677	294
677	264
677	4
677	220
678	483
678	573
678	761
678	473
678	792
679	264
679	553
679	521
679	970
679	536
679	85
679	380
679	305
680	123
680	507
680	312
681	319
681	406
681	478
681	409
682	730
682	397
682	608
682	847
682	42
682	727
682	178
682	759
682	534
682	953
683	38
683	286
683	572
683	232
683	253
683	73
683	93
683	19
684	255
684	793
684	412
684	472
684	385
684	85
685	404
685	299
685	705
685	627
685	564
685	435
685	672
686	251
686	453
686	948
686	761
686	379
686	295
686	171
686	841
686	813
687	347
687	654
687	839
687	275
688	489
688	899
688	764
688	317
688	531
688	192
688	429
688	540
688	621
688	716
689	551
689	837
689	568
689	597
690	254
690	246
690	617
690	461
690	949
690	351
690	848
690	450
690	544
690	190
691	617
691	274
691	599
691	399
691	960
691	571
692	733
692	792
692	62
692	708
692	350
692	765
692	602
693	555
693	837
693	752
693	670
694	625
694	369
694	983
694	568
695	329
695	570
695	266
695	383
695	949
696	277
696	558
696	372
696	916
696	489
696	533
696	190
696	808
697	811
697	453
697	269
697	835
697	123
697	505
697	908
697	634
698	334
698	541
698	660
698	8
699	182
699	362
699	558
700	482
700	580
700	617
700	822
700	799
700	372
701	248
701	768
701	767
701	281
701	400
701	300
701	933
702	349
702	736
702	764
702	899
702	255
702	249
702	818
702	486
703	2
703	580
703	483
703	422
704	962
704	44
704	990
704	466
704	570
704	426
704	8
704	257
704	308
705	666
705	753
705	230
705	852
705	119
705	608
705	842
705	607
706	266
706	308
706	733
706	987
706	922
706	732
706	806
706	961
706	485
707	666
707	530
707	917
707	200
707	733
707	418
707	576
707	111
708	806
708	73
708	986
709	930
709	686
709	170
710	209
710	191
710	27
710	958
711	499
711	847
711	599
711	367
711	89
711	37
711	610
711	514
711	316
711	33
712	364
712	823
712	597
712	378
712	945
712	871
712	193
712	75
713	932
713	619
713	436
713	79
713	185
713	475
713	652
713	763
714	171
714	755
714	391
714	952
715	38
715	245
715	738
715	939
716	894
716	871
716	127
716	654
717	833
717	608
717	419
717	571
717	900
717	737
717	104
717	283
717	277
718	38
718	977
718	801
719	15
719	676
719	623
719	285
719	905
719	949
719	424
719	824
720	865
720	79
720	867
720	563
720	133
720	271
720	636
720	569
720	79
721	460
721	519
721	606
722	991
722	100
722	97
722	756
722	455
722	655
722	268
722	784
722	34
723	391
723	941
723	386
723	186
724	804
724	240
724	702
724	152
724	864
724	491
724	1
724	686
724	355
725	597
725	691
725	656
725	995
725	313
725	258
725	918
725	841
726	673
726	592
726	912
726	192
726	781
726	262
726	941
726	537
726	610
727	923
727	708
727	127
727	818
727	101
727	153
727	769
727	202
727	840
728	344
728	292
728	523
728	471
728	464
728	294
728	829
729	619
729	676
729	648
729	445
729	721
730	672
730	449
730	152
730	317
731	819
731	193
731	518
731	31
731	434
731	602
732	672
732	360
732	703
732	205
732	957
732	694
732	150
733	900
733	567
733	141
733	888
733	44
733	681
733	755
733	461
733	992
733	224
734	648
734	718
734	499
734	467
734	343
735	256
735	375
735	884
735	435
735	786
735	156
735	403
736	392
736	392
736	37
736	369
736	952
736	403
736	336
737	272
737	353
737	463
737	445
738	694
738	711
738	207
739	785
739	774
739	983
739	988
739	439
739	448
739	788
740	698
740	795
740	143
740	859
740	561
740	145
740	436
741	730
741	815
741	224
741	999
741	476
741	748
741	672
742	648
742	60
742	579
742	663
742	878
742	249
742	942
742	634
742	37
742	595
743	441
743	669
743	777
743	255
743	82
744	642
744	576
744	462
744	198
744	89
744	124
744	294
744	117
744	657
745	238
745	307
745	694
745	871
745	410
745	785
745	945
745	540
745	948
746	85
746	49
746	456
747	171
747	532
747	810
747	357
747	360
747	55
747	217
747	816
747	757
748	419
748	950
748	622
749	669
749	276
749	39
749	524
749	13
749	642
749	402
749	347
749	871
750	483
750	375
750	384
750	294
750	685
750	462
750	210
750	518
751	780
751	753
751	823
751	16
751	485
752	68
752	450
752	553
753	354
753	215
753	825
753	359
753	725
753	438
754	800
754	257
754	910
754	369
754	282
755	106
755	821
755	171
755	530
756	368
756	626
756	533
756	783
756	912
756	961
756	987
756	693
756	431
757	857
757	901
757	953
757	469
757	336
757	267
757	528
757	53
757	39
757	902
758	762
758	241
758	666
758	237
758	41
758	251
758	359
759	393
759	985
759	945
759	978
759	713
759	200
760	695
760	98
760	206
761	931
761	60
761	447
761	483
761	654
761	836
762	905
762	915
762	138
762	18
762	712
762	564
762	890
763	108
763	393
763	754
763	484
763	732
763	155
763	251
763	779
763	953
763	72
764	720
764	923
764	412
764	461
764	360
764	446
765	955
765	169
765	595
766	996
766	494
766	141
766	95
766	104
766	49
767	658
767	840
767	126
767	78
767	55
767	885
767	823
767	40
767	895
768	494
768	281
768	45
769	958
769	413
769	199
769	204
769	485
769	393
769	255
769	27
769	127
770	113
770	460
770	784
771	956
771	986
771	756
771	37
771	36
771	193
771	174
771	981
771	92
771	10
772	168
772	916
772	609
772	26
772	697
773	898
773	787
773	779
773	888
773	552
773	347
774	40
774	286
774	316
774	739
775	826
775	686
775	883
775	913
775	96
776	299
776	388
776	853
776	127
777	121
777	24
777	474
777	764
777	804
778	895
778	555
778	330
778	877
779	917
779	232
779	615
779	616
779	571
780	532
780	708
780	263
780	960
781	246
781	560
781	888
781	918
782	646
782	378
782	1000
782	808
782	983
782	906
782	428
782	775
782	681
782	712
783	361
783	313
783	301
783	820
784	801
784	211
784	991
784	190
784	413
784	933
784	330
784	25
785	253
785	879
785	788
785	143
785	398
785	695
785	281
785	555
786	45
786	142
786	291
786	370
786	419
786	23
786	16
787	946
787	791
787	787
787	760
787	641
788	191
788	991
788	952
788	738
788	878
788	863
788	159
789	309
789	785
789	803
789	591
789	609
789	131
789	86
789	658
789	829
789	166
790	118
790	174
790	4
790	980
790	322
791	774
791	549
791	424
791	86
791	481
791	63
791	468
791	641
791	965
791	31
792	461
792	931
792	642
793	260
793	990
793	556
794	222
794	824
794	809
794	890
794	944
794	302
795	95
795	268
795	877
795	961
795	602
795	837
795	592
795	332
795	479
796	141
796	819
796	491
796	989
796	741
796	659
796	801
796	469
797	280
797	888
797	217
797	776
797	991
798	878
798	196
798	613
799	759
799	717
799	263
799	881
799	815
800	983
800	917
800	590
800	932
800	281
800	204
800	732
800	215
800	94
800	486
801	110
801	426
801	481
802	392
802	411
802	167
802	29
802	233
802	503
802	933
802	319
802	886
803	326
803	392
803	124
803	407
803	146
803	598
803	457
803	144
804	182
804	267
804	405
804	392
804	294
804	628
804	368
804	653
804	516
804	357
805	780
805	453
805	739
805	326
805	385
805	571
805	683
805	3
805	550
805	947
806	548
806	85
806	998
806	725
806	959
806	945
806	389
806	144
807	420
807	635
807	592
807	138
807	776
807	764
807	123
808	650
808	51
808	696
808	23
809	43
809	267
809	860
809	146
809	218
809	287
809	866
809	922
809	847
810	579
810	640
810	735
810	14
810	369
811	423
811	836
811	813
811	503
811	409
811	749
811	511
811	683
811	879
812	234
812	241
812	780
812	871
812	397
812	137
813	619
813	141
813	697
813	397
814	246
814	254
814	539
814	127
814	958
814	444
814	15
814	387
815	529
815	767
815	964
815	429
815	374
815	599
815	8
815	41
815	386
816	293
816	341
816	335
816	516
817	230
817	335
817	461
817	783
817	46
817	118
818	701
818	847
818	393
818	164
818	323
818	345
818	146
818	460
819	884
819	900
819	224
819	101
819	151
820	519
820	304
820	471
820	778
820	397
821	246
821	571
821	181
821	738
822	214
822	891
822	872
822	891
822	799
822	981
822	804
822	904
822	336
823	475
823	861
823	301
823	12
823	831
824	900
824	741
824	643
824	871
825	376
825	777
825	10
825	858
825	31
825	479
825	428
825	460
825	676
825	165
826	633
826	259
826	734
826	794
826	713
826	233
826	356
826	232
827	202
827	753
827	697
827	441
827	870
827	950
828	429
828	808
828	669
828	613
828	805
828	952
828	526
828	728
828	817
829	986
829	127
829	911
829	103
829	335
829	422
829	657
830	787
830	67
830	715
831	984
831	919
831	496
831	172
831	327
831	118
832	796
832	437
832	894
832	484
832	581
832	395
832	607
832	493
832	899
833	973
833	966
833	65
833	206
833	119
833	771
833	133
833	516
834	855
834	345
834	457
835	649
835	604
835	134
835	834
835	540
835	377
836	508
836	994
836	842
836	554
837	615
837	84
837	548
837	717
837	265
837	475
837	567
837	104
837	772
838	34
838	473
838	113
838	329
838	248
838	896
838	448
839	53
839	786
839	392
839	910
839	804
839	589
839	514
839	925
839	135
839	572
840	735
840	537
840	266
840	885
840	258
840	351
840	955
840	558
841	860
841	793
841	567
841	638
841	797
841	728
841	670
842	496
842	466
842	517
842	866
842	706
842	928
843	411
843	355
843	460
843	36
843	167
843	801
843	33
844	25
844	329
844	4
844	626
844	827
844	124
844	138
844	181
844	882
845	114
845	619
845	274
845	892
845	429
845	744
845	935
845	478
845	729
846	521
846	316
846	194
846	768
846	524
847	853
847	16
847	348
847	687
847	153
847	576
847	813
847	807
848	70
848	980
848	481
848	574
848	865
848	833
848	514
848	8
848	188
848	839
849	53
849	492
849	559
849	57
850	496
850	440
850	141
850	672
850	376
850	751
850	77
850	935
850	224
851	285
851	773
851	627
851	233
851	23
852	885
852	524
852	375
852	774
852	4
852	788
852	746
853	913
853	340
853	40
853	358
853	446
853	279
853	973
853	855
853	561
854	42
854	188
854	85
854	135
854	278
854	890
854	404
854	368
854	81
855	961
855	691
855	780
855	18
855	244
855	344
855	359
855	194
855	162
855	862
856	63
856	960
856	163
856	807
857	977
857	62
857	580
857	967
857	920
858	151
858	206
858	554
858	987
859	225
859	453
859	132
859	919
859	25
860	701
860	615
860	891
860	584
861	862
861	779
861	431
861	275
861	565
861	550
861	664
861	186
861	279
862	259
862	338
862	92
862	999
862	756
862	382
862	578
862	414
862	763
862	393
863	217
863	414
863	609
863	201
864	825
864	944
864	591
865	182
865	545
865	525
865	333
866	114
866	292
866	14
866	257
866	506
866	171
866	826
866	168
866	200
867	896
867	316
867	647
867	485
867	903
867	461
867	44
868	862
868	42
868	87
868	339
869	508
869	940
869	488
869	834
869	535
869	949
869	987
869	290
870	361
870	676
870	118
870	93
870	156
870	964
871	799
871	695
871	281
871	75
871	614
871	138
871	745
871	219
872	435
872	549
872	773
872	918
872	11
872	46
872	280
872	127
872	644
872	837
873	143
873	511
873	387
873	408
873	405
873	697
873	757
873	44
873	757
874	259
874	706
874	188
875	206
875	659
875	687
875	170
875	1
875	240
875	782
875	773
875	195
876	871
876	815
876	117
876	514
876	16
876	855
876	290
876	330
877	848
877	69
877	97
877	618
877	740
877	61
877	251
877	170
878	998
878	350
878	950
878	78
878	274
878	390
878	778
878	881
878	972
878	525
879	124
879	590
879	598
879	262
879	978
879	929
879	530
879	570
879	528
879	357
880	30
880	44
880	385
880	348
880	865
881	731
881	280
881	214
881	398
882	960
882	298
882	471
882	717
882	105
882	212
882	146
883	463
883	534
883	998
884	672
884	59
884	590
884	167
885	138
885	987
885	688
885	90
885	865
885	588
885	723
885	336
885	718
885	853
886	959
886	945
886	572
886	34
887	815
887	294
887	682
887	677
887	185
887	55
887	798
887	181
887	909
888	389
888	44
888	662
888	468
888	879
888	731
888	781
889	406
889	371
889	524
889	722
889	1
890	734
890	623
890	616
890	889
890	418
890	574
891	509
891	179
891	705
891	661
891	157
891	399
892	797
892	203
892	372
892	666
892	445
892	627
892	400
892	431
892	80
893	526
893	709
893	898
894	37
894	516
894	309
894	215
894	657
894	372
894	574
894	138
895	628
895	862
895	504
895	88
895	690
895	344
895	619
896	680
896	969
896	104
896	425
896	363
897	513
897	331
897	426
897	634
897	119
898	979
898	807
898	382
898	605
898	588
899	287
899	35
899	53
899	853
899	790
899	715
900	684
900	159
900	454
901	324
901	922
901	534
901	668
901	933
901	224
901	427
902	10
902	299
902	211
902	634
902	115
902	383
902	841
902	830
902	331
903	484
903	120
903	273
903	212
903	468
903	621
904	57
904	6
904	230
904	977
905	477
905	582
905	63
905	123
905	329
906	521
906	95
906	404
906	334
906	566
906	234
906	821
906	712
906	58
907	711
907	14
907	728
907	294
907	24
907	546
907	234
907	91
908	831
908	147
908	564
908	866
908	279
908	874
908	557
908	78
908	980
908	849
909	682
909	162
909	482
909	209
909	455
909	661
909	859
909	47
910	214
910	34
910	27
910	756
910	905
910	506
910	992
910	95
910	590
911	601
911	446
911	851
911	86
911	310
912	220
912	575
912	636
913	715
913	624
913	23
913	733
913	855
913	134
913	952
913	259
913	312
913	988
914	505
914	792
914	447
914	809
914	879
914	509
914	514
915	13
915	336
915	189
915	58
915	530
916	681
916	344
916	728
916	498
916	533
916	839
916	565
916	195
916	500
917	248
917	715
917	132
917	745
917	715
918	358
918	148
918	362
918	99
918	846
918	477
919	828
919	678
919	121
919	27
919	319
919	940
919	591
919	4
919	255
919	199
920	620
920	209
920	332
920	911
920	64
920	9
920	13
920	289
920	377
921	446
921	332
921	839
921	786
921	273
921	593
922	255
922	314
922	425
922	451
922	635
922	35
923	890
923	673
923	713
923	423
924	267
924	155
924	313
924	56
924	172
924	713
924	358
924	51
925	149
925	704
925	663
925	591
925	976
925	70
925	460
925	634
926	357
926	776
926	698
926	807
926	54
926	453
926	184
926	627
927	888
927	25
927	180
927	330
928	207
928	376
928	989
928	64
928	876
928	638
928	709
928	227
928	843
928	462
929	916
929	544
929	330
929	975
929	716
929	351
929	997
929	700
930	926
930	771
930	182
930	735
930	44
930	807
930	653
931	456
931	753
931	55
931	317
931	82
931	170
931	854
931	868
931	559
932	57
932	978
932	798
932	536
932	996
932	629
932	891
932	326
933	13
933	522
933	36
933	345
934	132
934	635
934	344
934	98
934	955
934	875
934	888
934	827
934	36
934	410
935	725
935	588
935	942
935	755
936	332
936	645
936	371
936	419
936	71
936	672
936	803
936	280
936	884
936	463
937	505
937	306
937	784
937	545
937	256
937	759
937	402
937	329
938	44
938	530
938	138
938	303
938	745
938	740
938	762
939	179
939	199
939	394
940	561
940	24
940	559
940	866
940	784
940	448
940	10
940	736
940	387
941	47
941	193
941	740
941	307
941	827
941	10
941	287
941	166
941	597
941	865
942	411
942	263
942	94
942	494
942	947
942	817
942	177
943	616
943	80
943	393
943	957
943	71
943	401
944	198
944	781
944	806
944	766
944	515
944	183
944	959
944	296
944	800
945	412
945	539
945	912
945	211
946	644
946	505
946	280
946	668
947	6
947	943
947	877
948	533
948	347
948	362
948	88
948	276
948	604
948	598
949	666
949	943
949	281
949	733
949	326
949	230
949	953
950	602
950	560
950	314
950	927
950	600
950	939
950	255
950	227
950	343
951	75
951	590
951	171
952	250
952	239
952	107
952	28
952	723
952	147
952	343
953	210
953	380
953	370
953	42
953	797
953	868
953	618
953	110
953	111
954	488
954	283
954	393
954	966
954	218
954	825
954	263
954	897
955	159
955	968
955	860
956	151
956	350
956	908
957	273
957	101
957	736
957	974
957	247
957	388
957	654
957	888
958	144
958	702
958	537
958	366
959	585
959	531
959	225
959	291
959	79
960	203
960	693
960	474
960	357
960	136
960	547
960	635
960	641
960	477
960	904
961	954
961	875
961	53
961	512
961	586
961	761
961	103
961	73
961	300
961	332
962	569
962	725
962	278
962	952
962	775
962	767
962	157
962	436
962	653
963	921
963	929
963	226
963	781
963	197
963	843
964	869
964	501
964	141
964	864
964	174
964	809
964	555
964	320
965	119
965	810
965	492
965	446
965	777
965	779
965	556
965	618
965	318
965	200
966	929
966	420
966	941
966	638
966	351
967	657
967	153
967	309
967	665
967	817
967	76
967	832
967	588
968	246
968	944
968	605
968	914
968	305
968	705
968	965
968	432
968	516
969	261
969	916
969	395
969	211
969	937
969	14
969	767
969	861
969	154
970	400
970	539
970	751
970	802
970	30
970	550
971	844
971	745
971	107
971	651
971	28
971	524
972	841
972	359
972	26
972	326
972	660
972	704
972	311
972	228
972	766
972	72
973	601
973	130
973	402
973	747
973	658
973	738
973	650
973	720
974	737
974	347
974	797
974	399
974	523
974	617
974	165
974	568
974	332
974	892
975	57
975	344
975	249
976	179
976	466
976	653
977	970
977	157
977	694
977	361
977	796
977	691
977	486
977	367
977	343
978	955
978	90
978	803
978	487
978	94
978	226
978	74
979	134
979	658
979	986
979	524
979	259
979	674
979	816
979	808
979	436
979	632
980	413
980	3
980	603
981	829
981	218
981	762
982	828
982	514
982	229
982	790
983	968
983	767
983	913
983	203
983	251
984	961
984	176
984	259
984	336
984	807
984	487
984	939
985	995
985	743
985	151
985	721
985	778
986	812
986	103
986	941
986	827
986	666
986	873
986	464
986	988
986	157
987	546
987	707
987	176
987	799
988	124
988	17
988	325
988	837
988	620
989	782
989	526
989	971
989	908
989	248
989	32
989	424
989	976
989	236
990	498
990	317
990	83
990	682
990	360
990	271
991	213
991	114
991	179
991	147
991	5
992	3
992	728
992	563
992	537
993	594
993	261
993	231
994	524
994	602
994	668
994	308
995	801
995	259
995	45
995	476
995	689
995	167
995	695
995	824
996	908
996	21
996	308
996	145
996	194
996	268
996	668
997	861
997	18
997	881
997	980
997	731
997	750
997	663
997	11
998	658
998	404
998	391
998	823
998	922
998	351
998	765
998	860
998	261
998	544
999	265
999	510
999	819
999	522
999	582
999	224
999	201
999	534
999	185
999	806
1000	262
1000	11
1000	767
1000	262
1000	179
1000	126
1000	681
1000	732
1000	211
